{"cameraMode":{"drawMode":0,"name":"Shaded","section":"Shading Mode"},"sceneLighting":true,"audioPlay":false,"sceneViewState":{"showFog":true,"showMaterialUpdate":false,"showSkybox":true,"showFlares":true,"showImageEffects":true,"showParticleSystems":true},"in2DMode":false,"pivot":{"x":75.04926300048828,"y":0.1785389482975006,"z":38.852848052978519},"rotation":{"x":0.3559153974056244,"y":0.5912877917289734,"z":-0.3256358504295349,"w":0.6462693214416504},"size":164.7413330078125,"orthographic":true}